<manifest alg="2" build="2015.0.2.310" opt="true" iceEnabled="true" iceMarkupVersion="2" exportTarget="other" domain="UpmcPharmaOceans11.com" resolutions="1x" timestamp="1446336106939">
  <folder name="css">
    <file name="site_global.css" crc="151268621"/>
    <file name="master_a-master.css" crc="316140588" ref="purchase-form-3:index:about-us:purchase-form-2:purchase-confirmation:product-details-page-2:prod--hierarchy1:purchase-confirmation-page-1:product-details-page-1:prod-hierarchy2:purchase-form-1:valid-user-home:search-results-page:cart-page-1:successful-signup"/>
    <file name="under-construction.css" crc="441714014" ref="under-construction"/>
    <file name="purchase-form-3.css" crc="3943167411" ref="purchase-form-3"/>
    <file name="index.css" crc="391094625" ref="index"/>
    <file name="about-us.css" crc="248777564" ref="about-us"/>
    <file name="purchase-form-2.css" crc="3915213690" ref="purchase-form-2"/>
    <file name="purchase-confirmation.css" crc="413729702" ref="purchase-confirmation"/>
    <file name="product-details-page-2.css" crc="416832781" ref="product-details-page-2"/>
    <file name="prod--hierarchy1.css" crc="3846889647" ref="prod--hierarchy1"/>
    <file name="purchase-confirmation-page-1.css" crc="300918751" ref="purchase-confirmation-page-1"/>
    <file name="product-details-page-1.css" crc="27400017" ref="product-details-page-1"/>
    <file name="prod-hierarchy2.css" crc="4055122721" ref="prod-hierarchy2"/>
    <file name="purchase-form-1.css" crc="4067571256" ref="purchase-form-1"/>
    <file name="valid-user-home.css" crc="4029984922" ref="valid-user-home"/>
    <file name="search-results-page.css" crc="417010732" ref="search-results-page"/>
    <file name="cart-page-1.css" crc="255383170" ref="cart-page-1"/>
    <file name="successful-signup.css" crc="27978199" ref="successful-signup"/>
  </folder>
  <folder name="scripts">
    <file name="jquery-1.8.3.min.js" crc="196614522" ref="index:search-results-page:product-details-page-1:product-details-page-2:cart-page-1:purchase-confirmation-page-1:valid-user-home:under-construction:about-us:purchase-confirmation:prod--hierarchy1:prod-hierarchy2:purchase-form-1:purchase-form-2:purchase-form-3:successful-signup"/>
    <file name="museutils.js" crc="275725342" ref="index:search-results-page:product-details-page-1:product-details-page-2:cart-page-1:purchase-confirmation-page-1:valid-user-home:under-construction:about-us:purchase-confirmation:prod--hierarchy1:prod-hierarchy2:purchase-form-1:purchase-form-2:purchase-form-3:successful-signup"/>
    <file name="pie.js" crc="3827607177" ref="index:search-results-page:product-details-page-1:product-details-page-2:cart-page-1:purchase-confirmation-page-1:valid-user-home:under-construction:about-us:purchase-confirmation:prod--hierarchy1:prod-hierarchy2:purchase-form-1:purchase-form-2:purchase-form-3:successful-signup"/>
    <file name="webpro.js" crc="3883484123" ref="index:search-results-page:product-details-page-1:product-details-page-2:cart-page-1:purchase-confirmation-page-1:valid-user-home:about-us:purchase-confirmation:prod--hierarchy1:prod-hierarchy2:purchase-form-1:purchase-form-2:purchase-form-3:successful-signup"/>
    <file name="form_check.php" crc="3932029206" ref="index:search-results-page:product-details-page-1:product-details-page-2:cart-page-1:purchase-confirmation-page-1:valid-user-home:about-us:purchase-confirmation:prod--hierarchy1:prod-hierarchy2:purchase-form-1:purchase-form-2:purchase-form-3:successful-signup"/>
    <file name="form_throttle.php" crc="314685628" ref="index:search-results-page:product-details-page-1:product-details-page-2:cart-page-1:purchase-confirmation-page-1:valid-user-home:about-us:purchase-confirmation:prod--hierarchy1:prod-hierarchy2:purchase-form-1:purchase-form-2:purchase-form-3:successful-signup"/>
    <file name="form_process.php" crc="401030677" ref="index:search-results-page:product-details-page-1:product-details-page-2:cart-page-1:purchase-confirmation-page-1:valid-user-home:about-us:purchase-confirmation:prod--hierarchy1:prod-hierarchy2:purchase-form-1:purchase-form-2:purchase-form-3:successful-signup"/>
    <file name="form-u3554.php" crc="4053608311" ref="index"/>
    <file name="musewpslideshow.js" crc="360574455" ref="index:search-results-page:product-details-page-1:product-details-page-2:cart-page-1:purchase-confirmation-page-1:valid-user-home:about-us:purchase-confirmation:prod--hierarchy1:prod-hierarchy2:purchase-form-1:purchase-form-2:purchase-form-3"/>
    <file name="jquery.museoverlay.js" crc="342093292" ref="index:search-results-page:product-details-page-1:product-details-page-2:cart-page-1:purchase-confirmation-page-1:valid-user-home:about-us:purchase-confirmation:prod--hierarchy1:prod-hierarchy2:purchase-form-1:purchase-form-2:purchase-form-3"/>
    <file name="touchswipe.js" crc="4218319045" ref="index:search-results-page:product-details-page-1:product-details-page-2:cart-page-1:purchase-confirmation-page-1:valid-user-home:about-us:purchase-confirmation:prod--hierarchy1:prod-hierarchy2:purchase-form-1:purchase-form-2:purchase-form-3"/>
    <file name="form-u3588.php" crc="202827562" ref="index"/>
    <file name="jquery.watch.js" crc="3999102769" ref="index:search-results-page:product-details-page-1:product-details-page-2:cart-page-1:purchase-confirmation-page-1:valid-user-home:under-construction:about-us:purchase-confirmation:prod--hierarchy1:prod-hierarchy2:purchase-form-1:purchase-form-2:purchase-form-3:successful-signup"/>
    <file name="form-u228.php" crc="465723700" ref="index:search-results-page:product-details-page-1:product-details-page-2:cart-page-1:purchase-confirmation-page-1:valid-user-home:about-us:purchase-confirmation:prod--hierarchy1:prod-hierarchy2:purchase-form-1:purchase-form-2:purchase-form-3:successful-signup"/>
    <file name="jquery.musemenu.js" crc="4042164668" ref="index:search-results-page:product-details-page-1:product-details-page-2:valid-user-home:prod--hierarchy1:prod-hierarchy2:about-us"/>
    <file name="html5shiv.js" crc="4241844378" ref="index:search-results-page:product-details-page-1:product-details-page-2:valid-user-home:under-construction:about-us:prod--hierarchy1:prod-hierarchy2:purchase-form-2:successful-signup:cart-page-1:purchase-form-3"/>
    <file name="jquery.musepolyfill.bgsize.js" crc="185257658" ref="search-results-page:cart-page-1:purchase-confirmation-page-1:purchase-form-2:purchase-form-1"/>
    <file name="form-u2274.php" crc="142259916" ref="search-results-page"/>
    <file name="musewpdisclosure.js" crc="404074387" ref="product-details-page-1:product-details-page-2"/>
    <file name="form-u3923.php" crc="289091906" ref="cart-page-1"/>
    <file name="form-u3965.php" crc="4145939061" ref="cart-page-1"/>
    <file name="form-u3844.php" crc="145021080" ref="purchase-confirmation-page-1"/>
    <file name="form-u1947.php" crc="395843529" ref="valid-user-home"/>
    <file name="form-u4807.php" crc="4026969877" ref="purchase-form-1"/>
    <file name="form-u4899.php" crc="20096807" ref="purchase-form-2"/>
    <file name="form-u5012.php" crc="15761404" ref="purchase-form-3"/>
    <file name="form-u7266.php" crc="4272924432" ref="purchase-form-1"/>
    <file name="form-u7359.php" crc="123566337" ref="purchase-form-3"/>
    <file name="form-u8013.php" crc="383928820" ref="search-results-page"/>
    <file name="form-u8044.php" crc="124205800" ref="search-results-page"/>
    <file name="form-u8176.php" crc="492539296" ref="product-details-page-1"/>
    <file name="form-u8207.php" crc="4279166750" ref="product-details-page-1"/>
    <file name="form-u8094.php" crc="4040308466" ref="product-details-page-2"/>
    <file name="form-u8125.php" crc="4174684518" ref="product-details-page-2"/>
    <file name="form-u8258.php" crc="181136525" ref="cart-page-1"/>
    <file name="form-u8287.php" crc="4245800905" ref="purchase-confirmation-page-1"/>
    <file name="form-u7733.php" crc="3904203698" ref="about-us"/>
    <file name="form-u7764.php" crc="4283121643" ref="about-us"/>
    <file name="form-u7897.php" crc="4280409257" ref="purchase-confirmation"/>
    <file name="form-u7490.php" crc="385088348" ref="prod--hierarchy1"/>
    <file name="form-u7521.php" crc="3945404438" ref="prod--hierarchy1"/>
    <file name="form-u7571.php" crc="525234006" ref="prod-hierarchy2"/>
    <file name="form-u7602.php" crc="4269765008" ref="prod-hierarchy2"/>
    <file name="form-u7927.php" crc="4195376118" ref="purchase-form-1"/>
    <file name="form-u7956.php" crc="3928950751" ref="purchase-form-2"/>
    <file name="form-u7985.php" crc="117784493" ref="purchase-form-3"/>
  </folder>
  <folder name="images">
    <file name="favicon.ico" crc="4116255243" ref="index:prod--hierarchy1:purchase-confirmation-page-1"/>
    <file name="logo.jpg" crc="327025360" seo="true" ref="index:search-results-page:product-details-page-1:product-details-page-2:cart-page-1:purchase-confirmation-page-1:valid-user-home:under-construction:about-us:purchase-confirmation:prod--hierarchy1:prod-hierarchy2:purchase-form-1:purchase-form-2:purchase-form-3:successful-signup"/>
    <file name="u3557-13.png" crc="314641684" ref="index"/>
    <file name="u3557-13-r.png" crc="342730622" ref="index"/>
    <file name="u3557-13-m.png" crc="4235530592" ref="index"/>
    <file name="u3557-13-fs.png" crc="4239819015" ref="index"/>
    <file name="u3594-13.png" crc="341919149" ref="index"/>
    <file name="u3594-13-r.png" crc="39506110" ref="index"/>
    <file name="u3594-13-m.png" crc="4077870942" ref="index"/>
    <file name="u3594-13-fs.png" crc="3789758186" ref="index"/>
    <file name="shoppingcart.png" crc="4018886878" seo="true" ref="index:search-results-page:product-details-page-1:product-details-page-2:cart-page-1:purchase-confirmation-page-1:valid-user-home:about-us:purchase-confirmation:prod--hierarchy1:prod-hierarchy2:purchase-form-1:purchase-form-2:purchase-form-3"/>
    <file name="u236-17.png" crc="446555044" ref="index:search-results-page:product-details-page-1:product-details-page-2:cart-page-1:purchase-confirmation-page-1:valid-user-home:about-us:purchase-confirmation:prod--hierarchy1:prod-hierarchy2:purchase-form-1:purchase-form-2:purchase-form-3:successful-signup"/>
    <file name="u236-17-r.png" crc="3867180432" ref="index:search-results-page:product-details-page-1:product-details-page-2:cart-page-1:purchase-confirmation-page-1:valid-user-home:about-us:purchase-confirmation:prod--hierarchy1:prod-hierarchy2:purchase-form-1:purchase-form-2:purchase-form-3:successful-signup"/>
    <file name="u236-17-m.png" crc="4250666154" ref="index:search-results-page:product-details-page-1:product-details-page-2:cart-page-1:purchase-confirmation-page-1:valid-user-home:about-us:purchase-confirmation:prod--hierarchy1:prod-hierarchy2:purchase-form-1:purchase-form-2:purchase-form-3:successful-signup"/>
    <file name="u236-17-fs.png" crc="289011455" ref="index:search-results-page:product-details-page-1:product-details-page-2:cart-page-1:purchase-confirmation-page-1:valid-user-home:about-us:purchase-confirmation:prod--hierarchy1:prod-hierarchy2:purchase-form-1:purchase-form-2:purchase-form-3:successful-signup"/>
    <file name="value-prop.gif" crc="436833385" seo="true" ref="index:valid-user-home"/>
    <file name="deals1.jpg" crc="3800757463" seo="true" ref="index:valid-user-home"/>
    <file name="pasted image 669x297.jpg" crc="4248375785" seo="true" ref="index:valid-user-home"/>
    <file name="pasted image 669x299.jpg" crc="479615280" seo="true" ref="index:valid-user-home"/>
    <file name="ibuprofen.jpg" crc="115250939" seo="true" ref="index:search-results-page:valid-user-home:prod--hierarchy1"/>
    <file name="product2.jpg" crc="4240996798" seo="true" ref="index:search-results-page:valid-user-home:prod--hierarchy1"/>
    <file name="product3.jpg" crc="17548926" seo="true" ref="index:search-results-page:valid-user-home:prod--hierarchy1"/>
    <file name="product5.jpg" crc="514659199" seo="true" ref="index:search-results-page:valid-user-home:prod--hierarchy1"/>
    <file name="u1069-4.png" crc="3869864916" ref="index"/>
    <file name="u1074-4.png" crc="3790300208" ref="index"/>
    <file name="u1080-4.png" crc="342014959" ref="index"/>
    <file name="u1086-4.png" crc="4215774470" ref="index"/>
    <file name="blank.gif" crc="4208392903" ref="index:search-results-page:product-details-page-1:product-details-page-2:valid-user-home:prod--hierarchy1:prod-hierarchy2"/>
    <file name="u3278.png" crc="399210380" ref="index"/>
    <file name="u3278-r.png" crc="274037839" ref="index"/>
    <file name="u3283.png" crc="399210380" ref="index"/>
    <file name="u3283-r.png" crc="274037839" ref="index"/>
    <file name="u3288.png" crc="399210380" ref="index"/>
    <file name="u3288-r.png" crc="274037839" ref="index"/>
    <file name="u3293.png" crc="399210380" ref="index"/>
    <file name="u3293-r.png" crc="274037839" ref="index"/>
    <file name="product6.jpg" crc="3883503947" seo="true" ref="index:search-results-page:valid-user-home:prod--hierarchy1:prod-hierarchy2"/>
    <file name="product7.jpg" crc="3899792554" seo="true" ref="index:search-results-page:valid-user-home:prod--hierarchy1:prod-hierarchy2"/>
    <file name="product8.jpg" crc="4041253685" seo="true" ref="index:search-results-page:valid-user-home:prod--hierarchy1:prod-hierarchy2"/>
    <file name="product4.jpg" crc="127403557" seo="true" ref="index:search-results-page:valid-user-home:prod--hierarchy1:prod-hierarchy2"/>
    <file name="u1140-4.png" crc="4292567101" ref="index"/>
    <file name="u1143-4.png" crc="4221178305" ref="index"/>
    <file name="u1146-4.png" crc="3805484720" ref="index"/>
    <file name="u1149-4.png" crc="350024424" ref="index"/>
    <file name="u3298.png" crc="399210380" ref="index"/>
    <file name="u3298-r.png" crc="274037839" ref="index"/>
    <file name="u3303.png" crc="399210380" ref="index"/>
    <file name="u3303-r.png" crc="274037839" ref="index"/>
    <file name="u3308.png" crc="399210380" ref="index"/>
    <file name="u3308-r.png" crc="274037839" ref="index"/>
    <file name="u3313.png" crc="399210380" ref="index"/>
    <file name="u3313-r.png" crc="274037839" ref="index"/>
    <file name="u2280-13.png" crc="189035147" ref="search-results-page"/>
    <file name="u2280-13-r.png" crc="4289197794" ref="search-results-page"/>
    <file name="u2280-13-m.png" crc="333138103" ref="search-results-page"/>
    <file name="u2280-13-fs.png" crc="4267309123" ref="search-results-page"/>
    <file name="radiobuttonunchecked.png" crc="232010369" ref="search-results-page:purchase-form-2:purchase-form-1"/>
    <file name="radiobuttonuncheckedrollover.png" crc="173297973" ref="search-results-page:purchase-form-2:purchase-form-1"/>
    <file name="radiobuttonuncheckedmousedown.png" crc="210422217" ref="search-results-page:purchase-form-2:purchase-form-1"/>
    <file name="radiobuttonchecked.png" crc="424951658" ref="search-results-page:purchase-form-2:purchase-form-1"/>
    <file name="radiobuttoncheckedrollover.png" crc="135556972" ref="search-results-page:purchase-form-2:purchase-form-1"/>
    <file name="radiobuttoncheckedmousedown.png" crc="475385202" ref="search-results-page:purchase-form-2:purchase-form-1"/>
    <file name="checkboxunchecked.jpg" crc="3783961257" ref="search-results-page:cart-page-1:purchase-confirmation-page-1:purchase-form-2"/>
    <file name="checkboxuncheckedrollover.jpg" crc="3898835355" ref="search-results-page:cart-page-1:purchase-confirmation-page-1:purchase-form-2"/>
    <file name="checkboxuncheckedmousedown.jpg" crc="4019589203" ref="search-results-page:cart-page-1:purchase-confirmation-page-1:purchase-form-2"/>
    <file name="checkboxchecked.jpg" crc="3760363524" ref="search-results-page:cart-page-1:purchase-confirmation-page-1:purchase-form-2"/>
    <file name="checkboxcheckedrollover.jpg" crc="3914243265" ref="search-results-page:cart-page-1:purchase-confirmation-page-1:purchase-form-2"/>
    <file name="checkboxcheckedmousedown.jpg" crc="350609565" ref="search-results-page:cart-page-1:purchase-confirmation-page-1:purchase-form-2"/>
    <file name="u2678-4.png" crc="119815958" ref="search-results-page"/>
    <file name="u2680-4.png" crc="109426525" ref="search-results-page"/>
    <file name="u2682-4.png" crc="4285729972" ref="search-results-page"/>
    <file name="u2684-4.png" crc="112965989" ref="search-results-page"/>
    <file name="u2677-4.png" crc="4096821092" ref="search-results-page"/>
    <file name="u2679-4.png" crc="3941870474" ref="search-results-page"/>
    <file name="u2681-4.png" crc="58495559" ref="search-results-page"/>
    <file name="u2683-4.png" crc="4043423500" ref="search-results-page"/>
    <file name="u3238.png" crc="399210380" ref="search-results-page"/>
    <file name="u3238-r.png" crc="274037839" ref="search-results-page"/>
    <file name="u3243.png" crc="399210380" ref="search-results-page"/>
    <file name="u3243-r.png" crc="274037839" ref="search-results-page"/>
    <file name="u3248.png" crc="399210380" ref="search-results-page"/>
    <file name="u3248-r.png" crc="274037839" ref="search-results-page"/>
    <file name="u3253.png" crc="399210380" ref="search-results-page"/>
    <file name="u3253-r.png" crc="274037839" ref="search-results-page"/>
    <file name="u2692-4.png" crc="135097142" ref="search-results-page"/>
    <file name="u2694-4.png" crc="4022386921" ref="search-results-page"/>
    <file name="u2696-4.png" crc="3858635450" ref="search-results-page"/>
    <file name="u2698-4.png" crc="361546404" ref="search-results-page"/>
    <file name="u2691-4.png" crc="521297254" ref="search-results-page"/>
    <file name="u2693-4.png" crc="4017947153" ref="search-results-page"/>
    <file name="u2695-4.png" crc="353047180" ref="search-results-page"/>
    <file name="u2697-4.png" crc="3895146967" ref="search-results-page"/>
    <file name="u3258.png" crc="399210380" ref="search-results-page"/>
    <file name="u3258-r.png" crc="274037839" ref="search-results-page"/>
    <file name="u3263.png" crc="399210380" ref="search-results-page"/>
    <file name="u3263-r.png" crc="274037839" ref="search-results-page"/>
    <file name="u3268.png" crc="399210380" ref="search-results-page"/>
    <file name="u3268-r.png" crc="274037839" ref="search-results-page"/>
    <file name="u3273.png" crc="399210380" ref="search-results-page"/>
    <file name="u3273-r.png" crc="274037839" ref="search-results-page"/>
    <file name="value-prop2.gif" crc="22365830" seo="true" ref="product-details-page-2:product-details-page-1"/>
    <file name="advil1.jpg" crc="4071747592" seo="true" ref="product-details-page-1"/>
    <file name="advil4.jpg" crc="4102549132" seo="true" ref="product-details-page-1"/>
    <file name="advil6.jpg" crc="3842743507" seo="true" ref="product-details-page-1"/>
    <file name="loading.gif" crc="3815509949" ref="product-details-page-1:product-details-page-2"/>
    <file name="tylenol-with-pills.jpg" crc="4043661431" seo="true" ref="product-details-page-2"/>
    <file name="tylenol11.jpg" crc="246792402" seo="true" ref="product-details-page-2"/>
    <file name="k2-_ae69f1b8-32ad-43a1-9912-729d0b380cb5v1.jpg" crc="4232683704" seo="true" ref="product-details-page-2"/>
    <file name="aspirin.jpg" crc="3771495400" seo="true" ref="cart-page-1:purchase-confirmation-page-1:purchase-confirmation"/>
    <file name="u3930-13.png" crc="163337162" ref="cart-page-1"/>
    <file name="u3930-13-r.png" crc="4176056452" ref="cart-page-1"/>
    <file name="u3930-13-m.png" crc="208381778" ref="cart-page-1"/>
    <file name="u3930-13-fs.png" crc="148293390" ref="cart-page-1"/>
    <file name="u3984-13.png" crc="189035147" ref="cart-page-1"/>
    <file name="u3984-13-r.png" crc="4289197794" ref="cart-page-1"/>
    <file name="u3984-13-m.png" crc="333138103" ref="cart-page-1"/>
    <file name="u3984-13-fs.png" crc="4267309123" ref="cart-page-1"/>
    <file name="u3849-13.png" crc="62204960" ref="purchase-confirmation-page-1"/>
    <file name="u3849-13-r.png" crc="4031878345" ref="purchase-confirmation-page-1"/>
    <file name="u3849-13-m.png" crc="457583601" ref="purchase-confirmation-page-1"/>
    <file name="u3849-13-fs.png" crc="4024552917" ref="purchase-confirmation-page-1"/>
    <file name="u1959-13.png" crc="314641684" ref="valid-user-home"/>
    <file name="u1959-13-r.png" crc="342730622" ref="valid-user-home"/>
    <file name="u1959-13-m.png" crc="4235530592" ref="valid-user-home"/>
    <file name="u1959-13-fs.png" crc="4239819015" ref="valid-user-home"/>
    <file name="u1929-4.png" crc="248650241" ref="valid-user-home"/>
    <file name="u1854-4.png" crc="117537986" ref="valid-user-home"/>
    <file name="u1924-4.png" crc="4098161396" ref="valid-user-home"/>
    <file name="u2091-4.png" crc="3907142548" ref="valid-user-home"/>
    <file name="u1884-4.png" crc="3869864916" ref="valid-user-home"/>
    <file name="u2078-4.png" crc="3790300208" ref="valid-user-home"/>
    <file name="u1883-4.png" crc="342014959" ref="valid-user-home"/>
    <file name="u2073-4.png" crc="4215774470" ref="valid-user-home"/>
    <file name="u1882.png" crc="399210380" ref="valid-user-home"/>
    <file name="u1882-r.png" crc="274037839" ref="valid-user-home"/>
    <file name="u3203.png" crc="399210380" ref="valid-user-home"/>
    <file name="u3203-r.png" crc="274037839" ref="valid-user-home"/>
    <file name="u3208.png" crc="399210380" ref="valid-user-home"/>
    <file name="u3208-r.png" crc="274037839" ref="valid-user-home"/>
    <file name="u3213.png" crc="399210380" ref="valid-user-home"/>
    <file name="u3213-r.png" crc="274037839" ref="valid-user-home"/>
    <file name="u1867-4.png" crc="298258848" ref="valid-user-home"/>
    <file name="u1933-4.png" crc="464990604" ref="valid-user-home"/>
    <file name="u1886-4.png" crc="536855509" ref="valid-user-home"/>
    <file name="u2082-4.png" crc="385675541" ref="valid-user-home"/>
    <file name="u2088-4.png" crc="4292567101" ref="valid-user-home"/>
    <file name="u1885-4.png" crc="4221178305" ref="valid-user-home"/>
    <file name="u2081-4.png" crc="3805484720" ref="valid-user-home"/>
    <file name="u1934-4.png" crc="350024424" ref="valid-user-home"/>
    <file name="u3218.png" crc="399210380" ref="valid-user-home"/>
    <file name="u3218-r.png" crc="274037839" ref="valid-user-home"/>
    <file name="u3223.png" crc="399210380" ref="valid-user-home"/>
    <file name="u3223-r.png" crc="274037839" ref="valid-user-home"/>
    <file name="u3228.png" crc="399210380" ref="valid-user-home"/>
    <file name="u3228-r.png" crc="274037839" ref="valid-user-home"/>
    <file name="u3233.png" crc="399210380" ref="valid-user-home"/>
    <file name="u3233-r.png" crc="274037839" ref="valid-user-home"/>
    <file name="under-construction.jpg" crc="16457649" seo="true" ref="under-construction"/>
    <file name="u3370-7.png" crc="232974391" ref="under-construction"/>
    <file name="why-upmc-banner.jpg" crc="4051861526" seo="true" ref="about-us"/>
    <file name="u4454-4.png" crc="119815958" ref="prod--hierarchy1"/>
    <file name="u4453-4.png" crc="4096821092" ref="prod--hierarchy1"/>
    <file name="u4462.png" crc="399210380" ref="prod--hierarchy1"/>
    <file name="u4462-r.png" crc="274037839" ref="prod--hierarchy1"/>
    <file name="u4456-4.png" crc="135097142" ref="prod--hierarchy1"/>
    <file name="u4455-4.png" crc="521297254" ref="prod--hierarchy1"/>
    <file name="u4466.png" crc="399210380" ref="prod--hierarchy1"/>
    <file name="u4466-r.png" crc="274037839" ref="prod--hierarchy1"/>
    <file name="u4393-4.png" crc="109426525" ref="prod--hierarchy1"/>
    <file name="u4395-4.png" crc="4285729972" ref="prod--hierarchy1"/>
    <file name="u4392-4.png" crc="3941870474" ref="prod--hierarchy1"/>
    <file name="u4394-4.png" crc="58495559" ref="prod--hierarchy1"/>
    <file name="u4418.png" crc="399210380" ref="prod--hierarchy1"/>
    <file name="u4418-r.png" crc="274037839" ref="prod--hierarchy1"/>
    <file name="u4422.png" crc="399210380" ref="prod--hierarchy1"/>
    <file name="u4422-r.png" crc="274037839" ref="prod--hierarchy1"/>
    <file name="u4405-4.png" crc="4022386921" ref="prod--hierarchy1"/>
    <file name="u4407-4.png" crc="3858635450" ref="prod--hierarchy1"/>
    <file name="u4404-4.png" crc="4017947153" ref="prod--hierarchy1"/>
    <file name="u4406-4.png" crc="353047180" ref="prod--hierarchy1"/>
    <file name="u4430.png" crc="399210380" ref="prod--hierarchy1"/>
    <file name="u4430-r.png" crc="274037839" ref="prod--hierarchy1"/>
    <file name="u4434.png" crc="399210380" ref="prod--hierarchy1"/>
    <file name="u4434-r.png" crc="274037839" ref="prod--hierarchy1"/>
    <file name="u4397-4.png" crc="112965989" ref="prod--hierarchy1"/>
    <file name="u4396-4.png" crc="4043423500" ref="prod--hierarchy1"/>
    <file name="u4426.png" crc="399210380" ref="prod--hierarchy1"/>
    <file name="u4426-r.png" crc="274037839" ref="prod--hierarchy1"/>
    <file name="u4409-4.png" crc="361546404" ref="prod--hierarchy1"/>
    <file name="u4408-4.png" crc="3895146967" ref="prod--hierarchy1"/>
    <file name="u4438.png" crc="399210380" ref="prod--hierarchy1"/>
    <file name="u4438-r.png" crc="274037839" ref="prod--hierarchy1"/>
    <file name="u4678-4.png" crc="521297254" ref="prod-hierarchy2"/>
    <file name="u4653-4.png" crc="4017947153" ref="prod-hierarchy2"/>
    <file name="u4655-4.png" crc="353047180" ref="prod-hierarchy2"/>
    <file name="u4657-4.png" crc="3895146967" ref="prod-hierarchy2"/>
    <file name="u4685.png" crc="399210380" ref="prod-hierarchy2"/>
    <file name="u4685-r.png" crc="274037839" ref="prod-hierarchy2"/>
    <file name="u4667.png" crc="399210380" ref="prod-hierarchy2"/>
    <file name="u4667-r.png" crc="274037839" ref="prod-hierarchy2"/>
    <file name="u4671.png" crc="399210380" ref="prod-hierarchy2"/>
    <file name="u4671-r.png" crc="274037839" ref="prod-hierarchy2"/>
    <file name="u4677.png" crc="399210380" ref="prod-hierarchy2"/>
    <file name="u4677-r.png" crc="274037839" ref="prod-hierarchy2"/>
    <file name="u4813-13.png" crc="4153240312" ref="purchase-form-1"/>
    <file name="u4813-13-r.png" crc="3796424524" ref="purchase-form-1"/>
    <file name="u4813-13-m.png" crc="4240233014" ref="purchase-form-1"/>
    <file name="u4813-13-fs.png" crc="70497824" ref="purchase-form-1"/>
    <file name="u4905-13.png" crc="4172466044" ref="purchase-form-2"/>
    <file name="u4905-13-r.png" crc="172987948" ref="purchase-form-2"/>
    <file name="u4905-13-m.png" crc="164896417" ref="purchase-form-2"/>
    <file name="u4905-13-fs.png" crc="3973469193" ref="purchase-form-2"/>
    <file name="u5040-13.png" crc="3871988269" ref="purchase-form-3"/>
    <file name="u5040-13-r.png" crc="253578049" ref="purchase-form-3"/>
    <file name="u5040-13-m.png" crc="4287582570" ref="purchase-form-3"/>
    <file name="u5040-13-fs.png" crc="3780204421" ref="purchase-form-3"/>
    <file name="rating_35.gif" crc="472479577" seo="true" ref="product-details-page-1:product-details-page-2"/>
    <file name="rating_45.gif" crc="240301280" seo="true" ref="product-details-page-2"/>
    <file name="u6863-9.png" crc="4245895775" ref="successful-signup"/>
    <file name="u7274-13.png" crc="4081170678" ref="purchase-form-1"/>
    <file name="u7274-13-r.png" crc="4081170678" ref="purchase-form-1"/>
    <file name="u7274-13-m.png" crc="4081170678" ref="purchase-form-1"/>
    <file name="u7274-13-fs.png" crc="4081170678" ref="purchase-form-1"/>
    <file name="u7367-13.png" crc="68676581" ref="purchase-form-3"/>
    <file name="u7367-13-r.png" crc="68676581" ref="purchase-form-3"/>
    <file name="u7367-13-m.png" crc="68676581" ref="purchase-form-3"/>
    <file name="u7367-13-fs.png" crc="68676581" ref="purchase-form-3"/>
    <file name="u8025-13.png" crc="314641684" ref="search-results-page"/>
    <file name="u8025-13-r.png" crc="342730622" ref="search-results-page"/>
    <file name="u8025-13-m.png" crc="4235530592" ref="search-results-page"/>
    <file name="u8025-13-fs.png" crc="4239819015" ref="search-results-page"/>
    <file name="u8045-13.png" crc="341919149" ref="search-results-page"/>
    <file name="u8045-13-r.png" crc="39506110" ref="search-results-page"/>
    <file name="u8045-13-m.png" crc="4077870942" ref="search-results-page"/>
    <file name="u8045-13-fs.png" crc="3789758186" ref="search-results-page"/>
    <file name="u8188-13.png" crc="314641684" ref="product-details-page-1"/>
    <file name="u8188-13-r.png" crc="342730622" ref="product-details-page-1"/>
    <file name="u8188-13-m.png" crc="4235530592" ref="product-details-page-1"/>
    <file name="u8188-13-fs.png" crc="4239819015" ref="product-details-page-1"/>
    <file name="u8208-13.png" crc="341919149" ref="product-details-page-1"/>
    <file name="u8208-13-r.png" crc="39506110" ref="product-details-page-1"/>
    <file name="u8208-13-m.png" crc="4077870942" ref="product-details-page-1"/>
    <file name="u8208-13-fs.png" crc="3789758186" ref="product-details-page-1"/>
    <file name="u8106-13.png" crc="314641684" ref="product-details-page-2"/>
    <file name="u8106-13-r.png" crc="342730622" ref="product-details-page-2"/>
    <file name="u8106-13-m.png" crc="4235530592" ref="product-details-page-2"/>
    <file name="u8106-13-fs.png" crc="4239819015" ref="product-details-page-2"/>
    <file name="u8126-13.png" crc="341919149" ref="product-details-page-2"/>
    <file name="u8126-13-r.png" crc="39506110" ref="product-details-page-2"/>
    <file name="u8126-13-m.png" crc="4077870942" ref="product-details-page-2"/>
    <file name="u8126-13-fs.png" crc="3789758186" ref="product-details-page-2"/>
    <file name="u8270-13.png" crc="314641684" ref="cart-page-1"/>
    <file name="u8270-13-r.png" crc="342730622" ref="cart-page-1"/>
    <file name="u8270-13-m.png" crc="4235530592" ref="cart-page-1"/>
    <file name="u8270-13-fs.png" crc="4239819015" ref="cart-page-1"/>
    <file name="u8299-13.png" crc="314641684" ref="purchase-confirmation-page-1"/>
    <file name="u8299-13-r.png" crc="342730622" ref="purchase-confirmation-page-1"/>
    <file name="u8299-13-m.png" crc="4235530592" ref="purchase-confirmation-page-1"/>
    <file name="u8299-13-fs.png" crc="4239819015" ref="purchase-confirmation-page-1"/>
    <file name="u7745-13.png" crc="314641684" ref="about-us"/>
    <file name="u7745-13-r.png" crc="342730622" ref="about-us"/>
    <file name="u7745-13-m.png" crc="4235530592" ref="about-us"/>
    <file name="u7745-13-fs.png" crc="4239819015" ref="about-us"/>
    <file name="u7765-13.png" crc="341919149" ref="about-us"/>
    <file name="u7765-13-r.png" crc="39506110" ref="about-us"/>
    <file name="u7765-13-m.png" crc="4077870942" ref="about-us"/>
    <file name="u7765-13-fs.png" crc="3789758186" ref="about-us"/>
    <file name="u7909-13.png" crc="314641684" ref="purchase-confirmation"/>
    <file name="u7909-13-r.png" crc="342730622" ref="purchase-confirmation"/>
    <file name="u7909-13-m.png" crc="4235530592" ref="purchase-confirmation"/>
    <file name="u7909-13-fs.png" crc="4239819015" ref="purchase-confirmation"/>
    <file name="u7502-13.png" crc="314641684" ref="prod--hierarchy1"/>
    <file name="u7502-13-r.png" crc="342730622" ref="prod--hierarchy1"/>
    <file name="u7502-13-m.png" crc="4235530592" ref="prod--hierarchy1"/>
    <file name="u7502-13-fs.png" crc="4239819015" ref="prod--hierarchy1"/>
    <file name="u7522-13.png" crc="341919149" ref="prod--hierarchy1"/>
    <file name="u7522-13-r.png" crc="39506110" ref="prod--hierarchy1"/>
    <file name="u7522-13-m.png" crc="4077870942" ref="prod--hierarchy1"/>
    <file name="u7522-13-fs.png" crc="3789758186" ref="prod--hierarchy1"/>
    <file name="u7583-13.png" crc="314641684" ref="prod-hierarchy2"/>
    <file name="u7583-13-r.png" crc="342730622" ref="prod-hierarchy2"/>
    <file name="u7583-13-m.png" crc="4235530592" ref="prod-hierarchy2"/>
    <file name="u7583-13-fs.png" crc="4239819015" ref="prod-hierarchy2"/>
    <file name="u7603-13.png" crc="341919149" ref="prod-hierarchy2"/>
    <file name="u7603-13-r.png" crc="39506110" ref="prod-hierarchy2"/>
    <file name="u7603-13-m.png" crc="4077870942" ref="prod-hierarchy2"/>
    <file name="u7603-13-fs.png" crc="3789758186" ref="prod-hierarchy2"/>
    <file name="u4679-5.png" crc="135097142" ref="prod-hierarchy2"/>
    <file name="u4654-5.png" crc="4022386921" ref="prod-hierarchy2"/>
    <file name="u4656-5.png" crc="3858635450" ref="prod-hierarchy2"/>
    <file name="u4658-5.png" crc="361546404" ref="prod-hierarchy2"/>
    <file name="u7939-13.png" crc="314641684" ref="purchase-form-1"/>
    <file name="u7939-13-r.png" crc="342730622" ref="purchase-form-1"/>
    <file name="u7939-13-m.png" crc="4235530592" ref="purchase-form-1"/>
    <file name="u7939-13-fs.png" crc="4239819015" ref="purchase-form-1"/>
    <file name="u7968-13.png" crc="314641684" ref="purchase-form-2"/>
    <file name="u7968-13-r.png" crc="342730622" ref="purchase-form-2"/>
    <file name="u7968-13-m.png" crc="4235530592" ref="purchase-form-2"/>
    <file name="u7968-13-fs.png" crc="4239819015" ref="purchase-form-2"/>
    <file name="u7997-13.png" crc="314641684" ref="purchase-form-3"/>
    <file name="u7997-13-r.png" crc="342730622" ref="purchase-form-3"/>
    <file name="u7997-13-m.png" crc="4235530592" ref="purchase-form-3"/>
    <file name="u7997-13-fs.png" crc="4239819015" ref="purchase-form-3"/>
    <file name="u1070-5.png" crc="208244525" ref="index"/>
    <file name="u1075-5.png" crc="3938671486" ref="index"/>
    <file name="u1081-5.png" crc="56953193" ref="index"/>
    <file name="u1087-5.png" crc="4030390552" ref="index"/>
    <file name="u1141-5.png" crc="145002912" ref="index"/>
    <file name="u1144-5.png" crc="249042601" ref="index"/>
    <file name="u1147-5.png" crc="437509683" ref="index"/>
    <file name="u1150-5.png" crc="36854648" ref="index"/>
    <file name="picture1.png" crc="533037183" seo="true" ref="purchase-form-1"/>
    <file name="picture2.png" crc="3850978530" seo="true" ref="purchase-form-2"/>
    <file name="picture3.png" crc="312452619" seo="true" ref="purchase-form-3"/>
  </folder>
  <file name="index.html" crc="495572870" seo="true" mt="1446335426004" redirect="true"/>
  <file name="search-results-page.html" crc="3944159599" seo="true" mt="1446335429240" redirect="true"/>
  <file name="product-details-page-1.html" crc="281552482" seo="true" mt="1446335432261" redirect="true"/>
  <file name="product-details-page-2.html" crc="167377899" seo="true" mt="1446335434052" redirect="true"/>
  <file name="cart-page-1.html" crc="190497102" seo="true" mt="1446335435347" redirect="true"/>
  <file name="purchase-confirmation-page-1.html" crc="90370251" seo="true" mt="1446336104944" redirect="true"/>
  <file name="valid-user-home.html" crc="3929193677" seo="true" mt="1446335437626" redirect="true"/>
  <file name="under-construction.html" crc="3982819840" seo="true" mt="1445994266488" redirect="true"/>
  <file name="about-us.html" crc="3818174314" seo="true" mt="1446335439979" redirect="true"/>
  <file name="purchase-confirmation.html" crc="176101321" seo="true" mt="1446336105490" redirect="true"/>
  <file name="prod--hierarchy1.html" crc="4200627286" seo="true" mt="1446335693182" redirect="true"/>
  <file name="prod-hierarchy2.html" crc="3830258053" seo="true" mt="1446335695604" redirect="true"/>
  <file name="purchase-form-1.html" crc="4009642525" seo="true" mt="1446336106628" redirect="true"/>
  <file name="purchase-form-2.html" crc="4148924912" seo="true" mt="1446335447722" redirect="true"/>
  <file name="purchase-form-3.html" crc="3919100278" seo="true" mt="1446335448886" redirect="true"/>
  <file name="successful-signup.html" crc="254919995" seo="true" mt="1446335117061" redirect="true"/>
</manifest>